codigo_region,region,codigo_comuna,comuna,poblacion_2024,hogares_2024,viviendas_2024,hombres_2024,mujeres_2024,edad_0_14,edad_15_29,edad_30_44,edad_45_64,edad_65_mas,promedio_personas_hogar,viviendas_por_hogar,macrozona_rm,viviendas_particulares_ocupadas,viviendas_particulares_desocupadas,viviendas_colectivas,personas_por_vivienda,porcentaje_mujeres,porcentaje_hombres,porcentaje_adultos_mayores,porcentaje_menores_15,comuna_norm
10,Los Lagos,10101,Puerto Montt,277040,100585,116425,136544,140496,51260,62493,68149,66587,28551,2.7543,1.1575,,103572,12853,0,2.3796,50.7133,49.2867,10.3057,18.5027,PUERTO MONTT
10,Los Lagos,10102,Calbuco,36474,13417,15942,18374,18100,6428,7348,7516,9782,5400,2.7185,1.1882,,13814,2128,0,2.2879,49.6244,50.3756,14.8051,17.6235,CALBUCO
10,Los Lagos,10103,Cochamo,4199,1891,3063,2213,1986,0,0,0,0,0,2.2205,1.6198,,1908,1155,0,1.3709,47.297,52.703,0.0,0.0,COCHAMO
10,Los Lagos,10104,Fresia,12320,4856,6288,6102,6218,2035,2303,2246,3537,2199,2.5371,1.2949,,5250,1038,0,1.9593,50.4708,49.5292,17.849,16.5179,FRESIA
10,Los Lagos,10105,Frutillar,22554,8164,10304,11034,11520,4344,4214,5172,5710,3114,2.7626,1.2621,,8724,1580,0,2.1889,51.0774,48.9226,13.8069,19.2604,FRUTILLAR
10,Los Lagos,10106,Los Muermos,17162,6666,8705,8620,8542,2887,3140,3250,4798,3087,2.5746,1.3059,,7125,1580,0,1.9715,49.7728,50.2272,17.9874,16.822,LOS MUERMOS
10,Los Lagos,10107,Llanquihue,18088,6209,6960,8826,9262,3154,3648,3758,4835,2693,2.9132,1.121,,6405,555,0,2.5989,51.2052,48.7948,14.8883,17.437,LLANQUIHUE
10,Los Lagos,10108,Maullin,15063,5965,7559,7651,7412,2392,2622,2784,4436,2829,2.5252,1.2672,,6206,1353,0,1.9927,49.2067,50.7933,18.7811,15.88,MAULLIN
10,Los Lagos,10109,Puerto Varas,52942,19137,25219,25814,27128,10650,9160,13558,13261,6313,2.7665,1.3178,,21262,3957,0,2.0993,51.241,48.759,11.9244,20.1164,PUERTO VARAS
10,Los Lagos,10201,Castro,46997,18004,21265,22832,24165,8213,9382,11277,12228,5897,2.6104,1.1811,,19106,2159,0,2.2101,51.4182,48.5818,12.5476,17.4756,CASTRO
10,Los Lagos,10202,Ancud,40949,15726,19900,19981,20968,6704,7427,8691,11483,6644,2.6039,1.2654,,16905,2995,0,2.0577,51.2052,48.7948,16.2251,16.3716,ANCUD
10,Los Lagos,10203,Chonchi,16078,6357,8288,7896,8182,2720,3023,3690,4467,2178,2.5292,1.3038,,6676,1612,0,1.9399,50.8894,49.1106,13.5465,16.9175,CHONCHI
10,Los Lagos,10204,Curaco De Velez,3662,1423,1915,1774,1888,0,0,0,0,0,2.5734,1.3457,,1498,417,0,1.9123,51.5565,48.4435,0.0,0.0,CURACO DE VELEZ
10,Los Lagos,10205,Dalcahue,14894,5615,7227,7403,7491,2678,3111,3318,3851,1936,2.6525,1.2871,,5868,1359,0,2.0609,50.2954,49.7046,12.9985,17.9804,DALCAHUE
10,Los Lagos,10206,Puqueldon,4048,1558,2093,2021,2027,0,0,0,0,0,2.5982,1.3434,,1581,512,0,1.9341,50.0741,49.9259,0.0,0.0,PUQUELDON
10,Los Lagos,10207,Queilen,5690,2241,3143,2859,2831,0,0,0,0,0,2.539,1.4025,,2302,841,0,1.8104,49.754,50.246,0.0,0.0,QUEILEN
10,Los Lagos,10208,Quellon,28460,10904,13515,14339,14121,5637,5956,7148,7077,2642,2.6101,1.2395,,11479,2036,0,2.1058,49.617,50.383,9.2832,19.8067,QUELLON
10,Los Lagos,10209,Quemchi,8409,3376,4653,4239,4170,1235,1568,1673,2404,1529,2.4908,1.3783,,3457,1196,0,1.8072,49.5897,50.4103,18.1829,14.6866,QUEMCHI
10,Los Lagos,10210,Quinchao,7678,3016,4153,3727,3951,1139,1437,1549,2154,1399,2.5458,1.377,,3153,1000,0,1.8488,51.4587,48.5413,18.2209,14.8346,QUINCHAO
10,Los Lagos,10301,Osorno,166455,62744,68924,79484,86971,28432,34153,37336,42410,24124,2.6529,1.0985,,64827,4097,0,2.4151,52.249,47.751,14.4928,17.0809,OSORNO
10,Los Lagos,10302,Puerto Octay,8865,3354,5294,4517,4348,1480,1668,1742,2494,1481,2.6431,1.5784,,3538,1756,0,1.6745,49.0468,50.9532,16.7061,16.6949,PUERTO OCTAY
10,Los Lagos,10303,Purranque,19542,7312,8712,9515,10027,3294,3709,3722,5290,3527,2.6726,1.1915,,7754,958,0,2.2431,51.31,48.69,18.0483,16.856,PURRANQUE
10,Los Lagos,10304,Puyehue,11712,4409,5987,5782,5930,2013,2125,2273,3347,1954,2.6564,1.3579,,4676,1311,0,1.9562,50.6318,49.3682,16.6837,17.1875,PUYEHUE
10,Los Lagos,10305,Rio Negro,13874,5277,6496,6840,7034,2278,2511,2634,3875,2576,2.6291,1.231,,5659,837,0,2.1358,50.6991,49.3009,18.5671,16.4192,RIO NEGRO
10,Los Lagos,10306,San Juan De La Costa,7776,3343,6797,4042,3734,1065,1234,1260,2533,1684,2.3261,2.0332,,3525,3272,0,1.144,48.0195,51.9805,21.6564,13.696,SAN JUAN DE LA COSTA
10,Los Lagos,10307,San Pablo,10883,4195,5133,5357,5526,1804,1871,2050,3106,2052,2.5943,1.2236,,4241,892,0,2.1202,50.7764,49.2236,18.8551,16.5763,SAN PABLO
10,Los Lagos,10401,Chaiten,4025,1681,2562,2085,1940,0,0,0,0,0,2.3944,1.5241,,1804,758,0,1.571,48.1988,51.8012,0.0,0.0,CHAITEN
10,Los Lagos,10402,Futaleufu,3062,1337,1794,1542,1520,0,0,0,0,0,2.2902,1.3418,,1338,456,0,1.7068,49.6408,50.3592,0.0,0.0,FUTALEUFU
10,Los Lagos,10403,Hualaihue,9480,3713,5218,4910,4570,1698,1722,2124,2637,1299,2.5532,1.4053,,4101,1117,0,1.8168,48.2068,51.7932,13.7025,17.9114,HUALAIHUE
10,Los Lagos,10404,Palena,1903,869,1309,946,957,0,0,0,0,0,2.1899,1.5063,,887,422,0,1.4538,50.289,49.711,0.0,0.0,PALENA
1,Tarapacá,1101,Iquique,199587,71344,76870,98413,101174,37595,42520,50456,44788,24228,2.7975,1.0775,,68763,8107,0,2.5964,50.6917,49.3083,12.1391,18.8364,IQUIQUE
1,Tarapacá,1107,Alto Hospicio,142086,42399,46807,70649,71437,36164,37410,34223,26583,7706,3.3512,1.104,,43731,3076,0,3.0356,50.2773,49.7227,5.4235,25.4522,ALTO HOSPICIO
11,Aysén del General Carlos Ibáñez del Campo,11101,Coyhaique,57823,22543,28073,28170,29653,11220,11122,13986,14303,7192,2.565,1.2453,,23506,4567,0,2.0597,51.2824,48.7176,12.438,19.404,COYHAIQUE
11,Aysén del General Carlos Ibáñez del Campo,11102,Lago Verde,779,376,724,427,352,0,0,0,0,0,2.0718,1.9255,,411,313,0,1.076,45.1861,54.8139,0.0,0.0,LAGO VERDE
11,Aysén del General Carlos Ibáñez del Campo,11201,Aysen,23170,9126,11105,11522,11648,4459,4533,5633,5799,2746,2.5389,1.2169,,9827,1278,0,2.0864,50.2719,49.7281,11.8515,19.2447,AYSEN
11,Aysén del General Carlos Ibáñez del Campo,11202,Cisnes,5137,2183,3437,2598,2539,0,0,0,0,0,2.3532,1.5744,,2534,903,0,1.4946,49.4257,50.5743,0.0,0.0,CISNES
11,Aysén del General Carlos Ibáñez del Campo,11203,Guaitecas,1598,609,816,857,741,0,0,0,0,0,2.624,1.3399,,605,211,0,1.9583,46.3705,53.6295,0.0,0.0,GUAITECAS
11,Aysén del General Carlos Ibáñez del Campo,11301,Cochrane,3458,1469,2126,1779,1679,0,0,0,0,0,2.354,1.4472,,1521,605,0,1.6265,48.5541,51.4459,0.0,0.0,COCHRANE
11,Aysén del General Carlos Ibáñez del Campo,11302,O'Higgins,647,292,403,331,316,0,0,0,0,0,2.2158,1.3801,,296,107,0,1.6055,48.8408,51.1592,0.0,0.0,O'HIGGINS
11,Aysén del General Carlos Ibáñez del Campo,11303,Tortel,505,234,395,269,236,0,0,0,0,0,2.1581,1.688,,244,151,0,1.2785,46.7327,53.2673,0.0,0.0,TORTEL
11,Aysén del General Carlos Ibáñez del Campo,11401,Chile Chico,4905,2114,3108,2478,2427,0,0,0,0,0,2.3202,1.4702,,2364,744,0,1.5782,49.4801,50.5199,0.0,0.0,CHILE CHICO
11,Aysén del General Carlos Ibáñez del Campo,11402,Rio Ibanez,2723,1239,2242,1410,1313,0,0,0,0,0,2.1977,1.8095,,1302,940,0,1.2145,48.2189,51.7811,0.0,0.0,RIO IBANEZ
12,Magallanes y de la Antártica Chilena,12101,Punta Arenas,132363,49779,59334,65028,67335,21733,26158,31108,33691,19673,2.659,1.1919,,52991,6343,0,2.2308,50.8715,49.1285,14.8629,16.4192,PUNTA ARENAS
12,Magallanes y de la Antártica Chilena,12102,Laguna Blanca,269,101,290,187,82,0,0,0,0,0,2.6634,2.8713,,102,188,0,0.9276,30.4833,69.5167,0.0,0.0,LAGUNA BLANCA
12,Magallanes y de la Antártica Chilena,12103,Rio Verde,102,63,188,72,30,0,0,0,0,0,1.619,2.9841,,64,124,0,0.5426,29.4118,70.5882,0.0,0.0,RIO VERDE
12,Magallanes y de la Antártica Chilena,12104,San Gregorio,241,113,444,151,90,0,0,0,0,0,2.1327,3.9292,,114,330,0,0.5428,37.3444,62.6556,0.0,0.0,SAN GREGORIO
12,Magallanes y de la Antártica Chilena,12201,Cabo De Hornos,1750,622,780,881,869,0,0,0,0,0,2.8135,1.254,,619,161,0,2.2436,49.6571,50.3429,0.0,0.0,CABO DE HORNOS
12,Magallanes y de la Antártica Chilena,12202,Antartica,60,4,4,56,4,0,0,0,0,0,15.0,1.0,,0,4,0,15.0,6.6667,93.3333,0.0,0.0,ANTARTICA
12,Magallanes y de la Antártica Chilena,12301,Porvenir,6809,2781,3551,3592,3217,1301,1361,1764,1594,789,2.4484,1.2769,,2823,728,0,1.9175,47.2463,52.7537,11.5876,19.1071,PORVENIR
12,Magallanes y de la Antártica Chilena,12302,Primavera,431,181,414,237,194,0,0,0,0,0,2.3812,2.2873,,179,235,0,1.0411,45.0116,54.9884,0.0,0.0,PRIMAVERA
12,Magallanes y de la Antártica Chilena,12303,Timaukel,157,63,214,95,62,0,0,0,0,0,2.4921,3.3968,,65,149,0,0.7336,39.4904,60.5096,0.0,0.0,TIMAUKEL
12,Magallanes y de la Antártica Chilena,12401,Natales,24152,9536,11251,12064,12088,4124,4653,6178,5730,3467,2.5327,1.1798,,10073,1178,0,2.1467,50.0497,49.9503,14.3549,17.0752,NATALES
12,Magallanes y de la Antártica Chilena,12402,Torres Del Paine,203,101,304,118,85,0,0,0,0,0,2.0099,3.0099,,100,204,0,0.6678,41.8719,58.1281,0.0,0.0,TORRES DEL PAINE
13,Metropolitana de Santiago,13101,Santiago,438856,208348,241062,223237,215619,55702,107884,151332,88501,35437,2.1064,1.157,Centro,214041,27021,0,1.8205,49.1321,50.8679,8.0749,12.6925,SANTIAGO
13,Metropolitana de Santiago,13102,Cerrillos,85041,28279,31728,41216,43825,15862,18466,19512,20142,11059,3.0072,1.122,Poniente,29576,2152,0,2.6803,51.534,48.466,13.0043,18.6522,CERRILLOS
13,Metropolitana de Santiago,13103,Cerro Navia,127250,42018,40235,62329,64921,22366,27548,26255,32348,18733,3.0285,0.9576,Poniente,39520,715,0,3.1627,51.0185,48.9815,14.7214,17.5764,CERRO NAVIA
13,Metropolitana de Santiago,13104,Conchalí,121587,40890,38978,59122,62465,20108,25378,25719,31134,19248,2.9735,0.9532,Norte,37714,1264,0,3.1194,51.3747,48.6253,15.8306,16.538,CONCHALI
13,Metropolitana de Santiago,13105,El Bosque,155257,50477,50573,75720,79537,27509,33672,32530,37510,24036,3.0758,1.0019,Sur,49136,1437,0,3.07,51.2293,48.7707,15.4814,17.7184,EL BOSQUE
13,Metropolitana de Santiago,13106,Estación Central,181049,68183,76453,88630,92419,31175,43617,50080,36886,19291,2.6553,1.1213,Centro,68989,7464,0,2.3681,51.0464,48.9536,10.6551,17.2191,ESTACION CENTRAL
13,Metropolitana de Santiago,13107,Huechuraba,101808,32057,31189,49479,52329,19459,22400,21437,27054,11458,3.1758,0.9729,Norte,30315,874,0,3.2642,51.3997,48.6003,11.2545,19.1134,HUECHURABA
13,Metropolitana de Santiago,13108,Independencia,116943,45569,50466,56916,60027,20475,26664,32854,24111,12839,2.5663,1.1075,Centro,45882,4584,0,2.3173,51.3301,48.6699,10.9789,17.5085,INDEPENDENCIA
13,Metropolitana de Santiago,13109,La Cisterna,103157,38159,41697,49154,54003,17137,22708,26066,22470,14776,2.7033,1.0927,Sur,38442,3255,0,2.474,52.3503,47.6497,14.3238,16.6125,LA CISTERNA
13,Metropolitana de Santiago,13110,La Florida,374836,133971,143924,178461,196375,58762,78079,86944,90304,60747,2.7979,1.0743,Oriente,134657,9267,0,2.6044,52.3896,47.6104,16.2063,15.6767,LA FLORIDA
13,Metropolitana de Santiago,13111,La Granja,112022,37274,36842,54758,57264,18992,23696,23580,27473,18281,3.0054,0.9884,Sur,36079,763,0,3.0406,51.1185,48.8815,16.3191,16.9538,LA GRANJA
13,Metropolitana de Santiago,13112,La Pintana,175421,54319,53379,85240,90181,35740,40206,37097,40077,22301,3.2295,0.9827,Sur,52089,1290,0,3.2863,51.4083,48.5917,12.7128,20.3738,LA PINTANA
13,Metropolitana de Santiago,13113,La Reina,89870,30645,31667,42260,47610,14657,17150,18179,23788,16096,2.9326,1.0333,Oriente,30552,1115,0,2.838,52.9765,47.0235,17.9103,16.3091,LA REINA
13,Metropolitana de Santiago,13114,Las Condes,296134,116322,129083,137984,158150,41831,61082,68540,70998,53683,2.5458,1.1097,Oriente,121263,7820,0,2.2941,53.4049,46.5951,18.1279,14.1257,LAS CONDES
13,Metropolitana de Santiago,13115,Lo Barnechea,112620,32513,36425,53609,59011,22642,26333,20521,30299,12825,3.4638,1.1203,Oriente,33535,2890,0,3.0918,52.3983,47.6017,11.3879,20.1048,LO BARNECHEA
13,Metropolitana de Santiago,13116,Lo Espejo,87295,27529,27488,43095,44200,15405,18379,17970,21940,13601,3.171,0.9985,Sur,26649,839,0,3.1757,50.6329,49.3671,15.5805,17.6471,LO ESPEJO
13,Metropolitana de Santiago,13117,Lo Prado,91290,31971,31111,44300,46990,14324,19227,18538,24107,15094,2.8554,0.9731,Poniente,30214,897,0,2.9343,51.4733,48.5267,16.5341,15.6907,LO PRADO
13,Metropolitana de Santiago,13118,Macul,123800,47638,50777,58479,65321,17981,24778,31612,29503,19926,2.5988,1.0659,Oriente,48631,2146,0,2.4381,52.7633,47.2367,16.0953,14.5242,MACUL
13,Metropolitana de Santiago,13119,Maipú,503635,167650,169599,240903,262732,80972,109788,107847,133901,71127,3.0041,1.0116,Poniente,165847,3752,0,2.9696,52.1671,47.8329,14.1227,16.0775,MAIPU
13,Metropolitana de Santiago,13120,Ñuñoa,241467,108724,121593,111613,129854,31138,44354,76758,53437,35780,2.2209,1.1184,Oriente,113378,8215,0,1.9859,53.7771,46.2229,14.8178,12.8953,NUNOA
13,Metropolitana de Santiago,13121,Pedro Aguirre Cerda,96062,32556,31255,47073,48989,15423,19041,19897,24145,17556,2.9507,0.96,Centro,30353,902,0,3.0735,50.9973,49.0027,18.2757,16.0553,PEDRO AGUIRRE CERDA
13,Metropolitana de Santiago,13122,Peñalolén,236478,76321,75730,114260,122218,40122,52505,48424,63872,31555,3.0985,0.9923,Oriente,74090,1640,0,3.1226,51.6826,48.3174,13.3437,16.9665,PENALOLEN
13,Metropolitana de Santiago,13123,Providencia,143974,69431,76650,67329,76645,17123,26722,45167,31857,23105,2.0736,1.104,Oriente,70107,6543,0,1.8783,53.2353,46.7647,16.048,11.8931,PROVIDENCIA
13,Metropolitana de Santiago,13124,Pudahuel,227820,74288,73844,109673,118147,40541,50007,49679,59780,27813,3.0667,0.994,Poniente,72268,1576,0,3.0852,51.8598,48.1402,12.2083,17.7952,PUDAHUEL
13,Metropolitana de Santiago,13125,Quilicura,205624,65227,67154,99649,105975,39177,49189,45572,53702,17984,3.1524,1.0295,Norte,64965,2189,0,3.062,51.5382,48.4618,8.7461,19.0527,QUILICURA
13,Metropolitana de Santiago,13126,Quinta Normal,129351,45855,46939,63130,66221,22064,28214,31755,30174,17144,2.8209,1.0236,Centro,45008,1931,0,2.7557,51.1948,48.8052,13.2539,17.0575,QUINTA NORMAL
13,Metropolitana de Santiago,13127,Recoleta,154615,56276,56548,76020,78595,25486,32897,35713,37927,22592,2.7474,1.0048,Centro,53386,3162,0,2.7342,50.8327,49.1673,14.6118,16.4835,RECOLETA
13,Metropolitana de Santiago,13128,Renca,143622,46588,46640,69985,73637,27703,31893,31074,34564,18388,3.0828,1.0011,Norte,45192,1448,0,3.0794,51.2714,48.7286,12.8031,19.2888,RENCA
13,Metropolitana de Santiago,13129,San Joaquín,95602,33568,33947,45983,49619,14852,20362,21388,23207,15793,2.848,1.0113,Centro,32567,1380,0,2.8162,51.9016,48.0984,16.5195,15.5352,SAN JOAQUIN
13,Metropolitana de Santiago,13130,San Miguel,150829,60402,65936,71229,79600,23562,31197,47386,31361,17323,2.4971,1.0916,Centro,62266,3670,0,2.2875,52.775,47.225,11.4852,15.6217,SAN MIGUEL
13,Metropolitana de Santiago,13131,San Ramón,76002,25014,23863,37417,38585,12491,16254,14746,19780,12731,3.0384,0.954,Centro,23204,659,0,3.1849,50.7684,49.2316,16.7509,16.4351,SAN RAMON
13,Metropolitana de Santiago,13132,Vitacura,86420,31142,34551,39914,46506,15015,16164,17897,20717,16627,2.775,1.1095,Oriente,32658,1893,0,2.5012,53.8139,46.1861,19.2398,17.3745,VITACURA
13,Metropolitana de Santiago,13201,Puente Alto,568086,183615,191064,273928,294158,104301,126320,126232,144627,66606,3.0939,1.0406,Sur,185864,5200,0,2.9733,51.7805,48.2195,11.7246,18.3601,PUENTE ALTO
13,Metropolitana de Santiago,13202,Pirque,29060,9195,10193,14399,14661,5449,5792,6107,7718,3994,3.1604,1.1085,Sur,9677,516,0,2.851,50.4508,49.5492,13.744,18.7509,PIRQUE
13,Metropolitana de Santiago,13203,San José de Maipo,17441,6383,8032,8674,8767,2932,3452,3680,4616,2761,2.7324,1.2583,Sur,6766,1266,0,2.1714,50.2666,49.7334,15.8305,16.811,SAN JOSE DE MAIPO
13,Metropolitana de Santiago,13301,Colina,173293,51045,54882,86925,86368,41206,36111,43036,39694,13246,3.3949,1.0752,Norte,52278,2604,0,3.1576,49.8393,50.1607,7.6437,23.7782,COLINA
13,Metropolitana de Santiago,13302,Lampa,145160,45519,50344,72328,72832,35062,30874,39653,29830,9741,3.189,1.106,Norte,47152,3192,0,2.8834,50.1736,49.8264,6.7105,24.154,LAMPA
13,Metropolitana de Santiago,13303,Tiltil,19742,6592,8236,9940,9802,3901,4064,4397,4673,2707,2.9948,1.2494,Norte,7010,1226,0,2.397,49.6505,50.3495,13.7119,19.7599,TILTIL
13,Metropolitana de Santiago,13401,San Bernardo,306371,99053,102678,148696,157675,60805,69351,69173,72358,34684,3.093,1.0366,Sur,99287,3391,0,2.9838,51.4654,48.5346,11.3209,19.8469,SAN BERNARDO
13,Metropolitana de Santiago,13402,Buin,116969,37708,42526,56564,60405,24919,22976,31015,25932,12127,3.102,1.1278,Sur,39777,2749,0,2.7505,51.6419,48.3581,10.3677,21.3039,BUIN
13,Metropolitana de Santiago,13403,Calera De Tango,25491,7859,8406,12607,12884,4593,5386,5264,6813,3435,3.2435,1.0696,Sur,8140,266,0,3.0325,50.5433,49.4567,13.4753,18.0181,CALERA DE TANGO
13,Metropolitana de Santiago,13404,Paine,78828,25952,30877,38873,39955,15339,16631,17464,19316,10078,3.0375,1.1898,Sur,27634,3243,0,2.553,50.6863,49.3137,12.7848,19.4588,PAINE
13,Metropolitana de Santiago,13501,Melipilla,136325,46619,52376,66759,69566,26419,28414,30095,32086,19311,2.9242,1.1235,Poniente,47598,4778,0,2.6028,51.0295,48.9705,14.1654,19.3794,MELIPILLA
13,Metropolitana de Santiago,13502,Alhué,7768,2777,3318,3863,3905,1611,1552,1807,1787,1011,2.7973,1.1948,Poniente,2787,531,0,2.3412,50.2703,49.7297,13.0149,20.7389,ALHUE
13,Metropolitana de Santiago,13503,Curacaví,35165,12020,14237,17226,17939,6456,6858,7516,9025,5310,2.9255,1.1844,Poniente,12692,1545,0,2.47,51.0138,48.9862,15.1002,18.3592,CURACAVI
13,Metropolitana de Santiago,13504,María Pinto,15352,5248,5881,7559,7793,2900,2930,3242,3914,2366,2.9253,1.1206,Poniente,5311,570,0,2.6104,50.7621,49.2379,15.4117,18.89,MARIA PINTO
13,Metropolitana de Santiago,13505,San Pedro,11108,3975,5360,5696,5412,2134,2176,2251,2656,1891,2.7945,1.3484,Poniente,4261,1099,0,2.0724,48.7216,51.2784,17.0238,19.2114,SAN PEDRO
13,Metropolitana de Santiago,13601,Talagante,76429,24483,27580,37488,38941,14473,16076,16866,19137,9877,3.1217,1.1265,Poniente,25877,1703,0,2.7712,50.9506,49.0494,12.9231,18.9365,TALAGANTE
13,Metropolitana de Santiago,13602,El Monte,37497,12174,13390,18347,19150,7528,7597,8279,9082,5011,3.0801,1.0999,Poniente,12628,762,0,2.8004,51.0708,48.9292,13.3637,20.0763,EL MONTE
13,Metropolitana de Santiago,13603,Isla De Maipo,39274,13043,14572,19401,19873,7507,8001,8722,9892,5152,3.0111,1.1172,Poniente,13424,1148,0,2.6952,50.6009,49.3991,13.1181,19.1144,ISLA DE MAIPO
13,Metropolitana de Santiago,13604,Padre Hurtado,81243,26172,28814,39781,41462,17481,16286,21905,17792,7779,3.1042,1.1009,Poniente,27455,1359,0,2.8196,51.0346,48.9654,9.575,21.5169,PADRE HURTADO
13,Metropolitana de Santiago,13605,Penaflor,94402,30805,33115,45612,48790,17745,20209,20273,24127,12048,3.0645,1.075,Poniente,31372,1743,0,2.8507,51.6832,48.3168,12.7624,18.7973,PENAFLOR
1,Tarapacá,1401,Pozo Almonte,16878,5675,11659,8667,8211,4053,3992,3824,3300,1709,2.9741,2.0544,,5506,6153,0,1.4476,48.6491,51.3509,10.1256,24.0135,POZO ALMONTE
1,Tarapacá,1402,Camina,1335,489,1178,648,687,0,0,0,0,0,2.7301,2.409,,482,696,0,1.1333,51.4607,48.5393,0.0,0.0,CAMINA
1,Tarapacá,1403,Colchane,790,353,2218,389,401,0,0,0,0,0,2.238,6.2833,,263,1955,0,0.3562,50.7595,49.2405,0.0,0.0,COLCHANE
1,Tarapacá,1404,Huara,2858,1039,3215,1484,1374,0,0,0,0,0,2.7507,3.0943,,1118,2097,0,0.889,48.0756,51.9244,0.0,0.0,HUARA
1,Tarapacá,1405,Pica,6272,2184,3200,3093,3179,1493,1368,1313,1223,875,2.8718,1.4652,,2209,991,0,1.96,50.6856,49.3144,13.9509,23.8042,PICA
14,Los Ríos,14101,Valdivia,170043,63322,73106,81660,88383,27477,38973,38335,41086,24172,2.6854,1.1545,,64269,8837,0,2.326,51.9769,48.0231,14.2152,16.1589,VALDIVIA
14,Los Ríos,14102,Corral,5501,2133,3360,2746,2755,0,0,0,0,0,2.579,1.5752,,2343,1017,0,1.6372,50.0818,49.9182,0.0,0.0,CORRAL
14,Los Ríos,14103,Lanco,16876,6435,7784,8133,8743,3060,3377,3312,4404,2723,2.6225,1.2096,,7044,740,0,2.168,51.8073,48.1927,16.1353,18.1323,LANCO
14,Los Ríos,14104,Los Lagos,21431,7910,9574,10596,10835,3900,4147,4392,5624,3368,2.7094,1.2104,,8120,1454,0,2.2385,50.5576,49.4424,15.7156,18.1979,LOS LAGOS
14,Los Ríos,14105,Mafil,8074,2954,3441,3947,4127,1441,1559,1708,2047,1319,2.7332,1.1649,,2994,447,0,2.3464,51.1147,48.8853,16.3364,17.8474,MAFIL
14,Los Ríos,14106,Mariquina,22973,8230,10274,11180,11793,4578,4834,4625,5650,3286,2.7914,1.2484,,8757,1517,0,2.236,51.3342,48.6658,14.3037,19.9277,MARIQUINA
14,Los Ríos,14107,Paillaco,19802,7304,8447,9535,10267,3481,3836,3801,5234,3450,2.7111,1.1565,,7573,874,0,2.3443,51.8483,48.1517,17.4225,17.579,PAILLACO
14,Los Ríos,14108,Panguipulli,35098,13326,20024,17044,18054,6532,6379,7417,9293,5477,2.6338,1.5026,,14651,5373,0,1.7528,51.4388,48.5612,15.6049,18.6107,PANGUIPULLI
14,Los Ríos,14201,La Union,38907,14616,17181,18865,20042,6718,7383,8005,10300,6501,2.6619,1.1755,,15358,1823,0,2.2645,51.5126,48.4874,16.7091,17.2668,LA UNION
14,Los Ríos,14202,Futrono,15635,5763,7932,7615,8020,3136,2868,3213,4141,2277,2.713,1.3764,,5876,2056,0,1.9711,51.2952,48.7048,14.5635,20.0576,FUTRONO
14,Los Ríos,14203,Lago Ranco,10527,4090,6248,5181,5346,1902,1766,2084,2950,1825,2.5738,1.5276,,4533,1715,0,1.6849,50.7837,49.2163,17.3364,18.0678,LAGO RANCO
14,Los Ríos,14204,Rio Bueno,33363,12942,16369,16232,17131,5622,6190,6502,9208,5841,2.5779,1.2648,,13654,2715,0,2.0382,51.3473,48.6527,17.5074,16.851,RIO BUENO
15,Arica y Parinacota,15101,Arica,241653,80658,86173,118844,122809,47551,54136,54900,54430,30636,2.996,1.0684,,77918,8255,0,2.8043,50.8204,49.1796,12.6777,19.6774,ARICA
15,Arica y Parinacota,15102,Camarones,861,437,1035,430,431,0,0,0,0,0,1.9703,2.3684,,433,602,0,0.8319,50.0581,49.9419,0.0,0.0,CAMARONES
15,Arica y Parinacota,15201,Putre,1547,621,1853,846,701,0,0,0,0,0,2.4911,2.9839,,701,1152,0,0.8349,45.3135,54.6865,0.0,0.0,PUTRE
15,Arica y Parinacota,15202,General Lagos,508,227,624,261,247,0,0,0,0,0,2.2379,2.7489,,224,400,0,0.8141,48.622,51.378,0.0,0.0,GENERAL LAGOS
16,Ñuble,16101,Chillan,190382,70266,81247,89482,100900,33121,38278,41623,48544,28816,2.7094,1.1563,,71676,9571,0,2.3432,52.9987,47.0013,15.1359,17.3971,CHILLAN
16,Ñuble,16102,Bulnes,23863,8775,10531,11472,12391,4139,4357,4656,6598,4113,2.7194,1.2001,,8953,1578,0,2.266,51.9256,48.0744,17.2359,17.3448,BULNES
16,Ñuble,16103,Chillan Viejo,32688,11764,13043,15486,17202,6012,6931,6975,8635,4135,2.7786,1.1087,,12090,953,0,2.5062,52.6248,47.3752,12.6499,18.3921,CHILLAN VIEJO
16,Ñuble,16104,El Carmen,13186,5014,6212,6548,6638,2195,2411,2514,3773,2293,2.6298,1.2389,,5095,1117,0,2.1227,50.3413,49.6587,17.3897,16.6464,EL CARMEN
16,Ñuble,16105,Pemuco,8930,3245,4204,4416,4514,1517,1719,1671,2520,1503,2.7519,1.2955,,3326,878,0,2.1242,50.5487,49.4513,16.8309,16.9877,PEMUCO
16,Ñuble,16106,Pinto,12502,4783,7664,6120,6382,2006,2174,2526,3559,2237,2.6138,1.6023,,4789,2875,0,1.6313,51.0478,48.9522,17.8931,16.0454,PINTO
16,Ñuble,16107,Quillon,19165,7533,13493,9375,9790,3012,3173,3635,5292,4053,2.5441,1.7912,,8243,5250,0,1.4204,51.0827,48.9173,21.1479,15.7161,QUILLON
16,Ñuble,16108,San Ignacio,17405,6621,7990,8556,8849,2792,3079,3346,5018,3170,2.6288,1.2068,,6876,1114,0,2.1783,50.8417,49.1583,18.2132,16.0414,SAN IGNACIO
16,Ñuble,16109,Yungay,18680,7316,10342,9232,9448,3065,3247,3707,5292,3369,2.5533,1.4136,,7904,2438,0,1.8062,50.5782,49.4218,18.0353,16.4079,YUNGAY
16,Ñuble,16201,Quirihue,11746,4650,5630,5685,6061,1915,2037,2379,3188,2227,2.526,1.2108,,4638,992,0,2.0863,51.6005,48.3995,18.9596,16.3034,QUIRIHUE
16,Ñuble,16202,Cobquecura,5495,2312,3898,2693,2802,0,0,0,0,0,2.3767,1.686,,2339,1559,0,1.4097,50.9918,49.0082,0.0,0.0,COBQUECURA
16,Ñuble,16203,Coelemu,15895,5642,7089,7760,8135,2697,2915,3023,4304,2956,2.8173,1.2565,,5904,1185,0,2.2422,51.1796,48.8204,18.597,16.9676,COELEMU
16,Ñuble,16204,Ninhue,5763,2309,2908,2831,2932,0,0,0,0,0,2.4959,1.2594,,2313,595,0,1.9818,50.8763,49.1237,0.0,0.0,NINHUE
16,Ñuble,16205,Portezuelo,5203,2047,2700,2588,2615,0,0,0,0,0,2.5418,1.319,,2057,643,0,1.927,50.2595,49.7405,0.0,0.0,PORTEZUELO
16,Ñuble,16206,Ranquil,6508,2618,3563,3197,3311,1049,964,1138,1873,1484,2.4859,1.361,,2787,776,0,1.8266,50.8758,49.1242,22.8027,16.1186,RANQUIL
16,Ñuble,16207,Trehuaco,6124,2336,3053,3069,3055,945,1092,1173,1742,1172,2.6216,1.3069,,2395,658,0,2.0059,49.8857,50.1143,19.1378,15.4311,TREHUACO
16,Ñuble,16301,San Carlos,55847,20691,23913,26745,29102,9506,10563,11136,15133,9509,2.6991,1.1557,,21485,2428,0,2.3354,52.1102,47.8898,17.0269,17.0215,SAN CARLOS
16,Ñuble,16302,Coihueco,29766,10473,12134,14681,15085,5492,5949,6071,8021,4233,2.8422,1.1586,,10793,1341,0,2.4531,50.6786,49.3214,14.2209,18.4506,COIHUECO
16,Ñuble,16303,Niquen,12797,4921,6008,6416,6381,1976,2070,2197,3773,2781,2.6005,1.2209,,5023,985,0,2.13,49.8632,50.1368,21.7317,15.4411,NIQUEN
16,Ñuble,16304,San Fabian,5245,2023,3137,2569,2676,0,0,0,0,0,2.5927,1.5507,,2065,1072,0,1.672,51.02,48.98,0.0,0.0,SAN FABIAN
16,Ñuble,16305,San Nicolas,15099,5445,6329,7516,7583,2588,2697,2969,4264,2581,2.773,1.1624,,5461,868,0,2.3857,50.2219,49.7781,17.0938,17.1402,SAN NICOLAS
2,Antofagasta,2101,Antofagasta,401096,135023,140680,197979,203117,75810,95269,100786,90172,39059,2.9706,1.0419,,131910,8770,0,2.8511,50.6405,49.3595,9.7381,18.9007,ANTOFAGASTA
2,Antofagasta,2102,Mejillones,14084,4774,5823,7021,7063,3346,3344,3451,2830,1113,2.9501,1.2197,,5130,693,0,2.4187,50.1491,49.8509,7.9026,23.7575,MEJILLONES
2,Antofagasta,2103,Sierra Gorda,1472,487,734,707,765,0,0,0,0,0,3.0226,1.5072,,507,227,0,2.0054,51.9701,48.0299,0.0,0.0,SIERRA GORDA
2,Antofagasta,2104,Taltal,12097,4129,5339,6063,6034,2403,2550,2674,2898,1572,2.9298,1.293,,4350,989,0,2.2658,49.8801,50.1199,12.995,19.8644,TALTAL
2,Antofagasta,2201,Calama,166334,56541,61290,82269,84065,34790,36668,41939,37893,15044,2.9418,1.084,,55553,5737,0,2.7139,50.5399,49.4601,9.0445,20.9157,CALAMA
2,Antofagasta,2202,Ollague,256,102,438,122,134,0,0,0,0,0,2.5098,4.2941,,92,346,0,0.5845,52.3438,47.6562,0.0,0.0,OLLAGUE
2,Antofagasta,2203,San Pedro De Atacama,9843,3919,5072,4768,5075,2058,2084,2797,2065,839,2.5116,1.2942,,4190,882,0,1.9407,51.5595,48.4405,8.5238,20.9083,SAN PEDRO DE ATACAMA
2,Antofagasta,2301,Tocopilla,25400,8811,11991,12589,12811,5182,5243,5661,5959,3355,2.8828,1.3609,,9154,2837,0,2.1183,50.437,49.563,13.2087,20.4016,TOCOPILLA
2,Antofagasta,2302,Maria Elena,4834,1649,1939,2477,2357,0,0,0,0,0,2.9315,1.1759,,1677,262,0,2.493,48.7588,51.2412,0.0,0.0,MARIA ELENA
3,Atacama,3101,Copiapo,168831,57356,64740,83536,85295,33541,37950,39999,38660,18681,2.9436,1.1287,,57572,7168,0,2.6078,50.5209,49.4791,11.0649,19.8666,COPIAPO
3,Atacama,3102,Caldera,18805,6984,18161,9396,9409,3620,3850,4035,4592,2708,2.6926,2.6004,,7358,10803,0,1.0355,50.0346,49.9654,14.4004,19.2502,CALDERA
3,Atacama,3103,Tierra Amarilla,11846,3889,4659,6070,5776,2456,2682,2458,2896,1354,3.046,1.198,,3910,749,0,2.5426,48.7591,51.2409,11.43,20.7327,TIERRA AMARILLA
3,Atacama,3201,Chanaral,12345,4415,7261,6219,6126,2506,2485,2520,2990,1844,2.7961,1.6446,,4863,2398,0,1.7002,49.6233,50.3767,14.9372,20.2997,CHANARAL
3,Atacama,3202,Diego De Almagro,11397,4168,6809,5672,5725,2412,2267,2615,2931,1172,2.7344,1.6336,,4345,2464,0,1.6738,50.2325,49.7675,10.2834,21.1635,DIEGO DE ALMAGRO
3,Atacama,3301,Vallenar,54222,18778,23540,26541,27681,10541,10463,11732,13436,8050,2.8875,1.2536,,18877,4663,0,2.3034,51.0512,48.9488,14.8464,19.4404,VALLENAR
3,Atacama,3302,Alto Del Carmen,4788,1922,3164,2454,2334,0,0,0,0,0,2.4912,1.6462,,1943,1221,0,1.5133,48.7469,51.2531,0.0,0.0,ALTO DEL CARMEN
3,Atacama,3303,Freirina,7577,2736,4398,3743,3834,1489,1368,1564,1973,1183,2.7694,1.6075,,2898,1500,0,1.7228,50.6005,49.3995,15.613,19.6516,FREIRINA
3,Atacama,3304,Huasco,9369,3491,7377,4632,4737,1750,1708,1962,2317,1632,2.6838,2.1131,,4272,3105,0,1.27,50.5604,49.4396,17.4191,18.6786,HUASCO
4,Coquimbo,4101,La Serena,250141,86795,109766,120407,129734,45405,56319,56641,58709,33067,2.882,1.2647,,87698,22068,0,2.2789,51.8643,48.1357,13.2193,18.1518,LA SERENA
4,Coquimbo,4102,Coquimbo,263719,90296,113426,127926,135793,50870,56544,59770,62085,34450,2.9206,1.2562,,90484,22942,0,2.325,51.4915,48.5085,13.0631,19.2895,COQUIMBO
4,Coquimbo,4103,Andacollo,11566,4067,5129,5800,5766,2103,2194,2254,3062,1953,2.8439,1.2611,,4308,821,0,2.255,49.853,50.147,16.8857,18.1826,ANDACOLLO
4,Coquimbo,4104,La Higuera,4335,1626,3214,2299,2036,0,0,0,0,0,2.6661,1.9766,,1830,1384,0,1.3488,46.9666,53.0334,0.0,0.0,LA HIGUERA
4,Coquimbo,4105,Paihuano,4649,1870,2896,2310,2339,0,0,0,0,0,2.4861,1.5487,,2076,820,0,1.6053,50.3119,49.6881,0.0,0.0,PAIHUANO
4,Coquimbo,4106,Vicuna,28047,9842,12060,13738,14309,5152,5623,5737,7151,4384,2.8497,1.2254,,10337,1723,0,2.3256,51.0179,48.9821,15.6309,18.3692,VICUNA
4,Coquimbo,4201,Illapel,32009,11593,14216,15548,16461,5788,5807,6769,8188,5457,2.7611,1.2263,,12109,2107,0,2.2516,51.4262,48.5738,17.0483,18.0824,ILLAPEL
4,Coquimbo,4202,Canela,9639,3779,5779,4869,4770,1455,1534,1738,2653,2259,2.5507,1.5292,,4173,1606,0,1.6679,49.4865,50.5135,23.436,15.0949,CANELA
4,Coquimbo,4203,Los Vilos,22879,8543,14236,11281,11598,4400,4237,4858,5700,3684,2.6781,1.6664,,9146,5090,0,1.6071,50.6928,49.3072,16.1021,19.2316,LOS VILOS
4,Coquimbo,4204,Salamanca,27823,10058,12158,13772,14051,5127,4982,5955,7319,4440,2.7663,1.2088,,10244,1914,0,2.2885,50.5014,49.4986,15.958,18.4272,SALAMANCA
4,Coquimbo,4301,Ovalle,118696,42363,49869,57311,61385,22295,23793,26301,28950,17357,2.8019,1.1772,,42927,6942,0,2.3802,51.7161,48.2839,14.6231,18.7833,OVALLE
4,Coquimbo,4302,Combarbala,12954,5256,7650,6305,6649,1967,2052,2225,3792,2918,2.4646,1.4555,,5608,2042,0,1.6933,51.3278,48.6722,22.5259,15.1845,COMBARBALA
4,Coquimbo,4303,Monte Patria,29997,11220,14475,14703,15294,5450,5631,5805,8070,5041,2.6735,1.2901,,11426,3049,0,2.0723,50.9851,49.0149,16.805,18.1685,MONTE PATRIA
4,Coquimbo,4304,Punitaqui,12076,4463,5891,5975,6101,2270,2288,2334,3055,2129,2.7058,1.32,,4645,1246,0,2.0499,50.5217,49.4783,17.63,18.7976,PUNITAQUI
4,Coquimbo,4305,Rio Hurtado,4334,1882,2913,2153,2181,0,0,0,0,0,2.3029,1.5478,,1880,1033,0,1.4878,50.323,49.677,0.0,0.0,RIO HURTADO
5,Valparaíso,5101,Valparaiso,284938,109579,132788,138494,146444,44277,63035,62234,68854,46538,2.6003,1.2118,,115192,17596,0,2.1458,51.395,48.605,16.3327,15.5392,VALPARAISO
5,Valparaíso,5102,Casablanca,29876,10603,14008,14582,15294,5399,5984,6454,7627,4412,2.8177,1.3211,,11097,2911,0,2.1328,51.1916,48.8084,14.7677,18.0714,CASABLANCA
5,Valparaíso,5103,Concon,48294,18259,26984,23153,25141,7853,9748,10937,12386,7370,2.6449,1.4778,,19272,7712,0,1.7897,52.0582,47.9418,15.2607,16.2608,CONCON
5,Valparaíso,5104,Juan Fernandez,904,376,472,458,446,0,0,0,0,0,2.4043,1.2553,,396,76,0,1.9153,49.3363,50.6637,0.0,0.0,JUAN FERNANDEZ
5,Valparaíso,5105,Puchuncavi,22539,8504,21161,11156,11383,3943,3976,4721,5821,4078,2.6504,2.4884,,9049,12112,0,1.0651,50.5036,49.4964,18.0931,17.4941,PUCHUNCAVI
5,Valparaíso,5107,Quintero,35754,13113,19738,17507,18247,6672,6875,7429,8955,5823,2.7266,1.5052,,13703,6035,0,1.8114,51.0348,48.9652,16.2863,18.6608,QUINTERO
5,Valparaíso,5109,Vina Del Mar,334871,132347,163891,158878,175993,49154,74711,72705,78914,59387,2.5303,1.2383,,133532,30359,0,2.0433,52.5555,47.4445,17.7343,14.6785,VINA DEL MAR
5,Valparaíso,5201,Isla De Pascua,4800,2077,3115,2351,2449,0,0,0,0,0,2.311,1.4998,,2360,755,0,1.5409,51.0208,48.9792,0.0,0.0,ISLA DE PASCUA
5,Valparaíso,5301,Los Andes,63440,23192,26142,30469,32971,11610,12623,14190,15256,9761,2.7354,1.1272,,24247,1895,0,2.4267,51.9719,48.0281,15.3862,18.3008,LOS ANDES
5,Valparaíso,5302,Calle Larga,16597,5769,6204,8139,8458,3392,3119,3815,4076,2195,2.8769,1.0754,,5839,365,0,2.6752,50.961,49.039,13.2253,20.4374,CALLE LARGA
5,Valparaíso,5303,Rinconada,11855,4046,4728,5851,6004,2499,2160,2633,2989,1574,2.9301,1.1686,,4120,608,0,2.5074,50.6453,49.3547,13.2771,21.0797,RINCONADA
5,Valparaíso,5304,San Esteban,20112,7132,8218,9835,10277,3826,3829,4332,5241,2884,2.82,1.1523,,7187,1031,0,2.4473,51.0988,48.9012,14.3397,19.0235,SAN ESTEBAN
5,Valparaíso,5401,La Ligua,39270,14322,24098,19171,20099,6808,7323,8196,10377,6566,2.7419,1.6826,,14683,9415,0,1.6296,51.1816,48.8184,16.7201,17.3364,LA LIGUA
5,Valparaíso,5402,Cabildo,20015,6779,7339,9860,10155,3629,4074,4103,5009,3200,2.9525,1.0826,,6733,606,0,2.7272,50.7369,49.2631,15.988,18.1314,CABILDO
5,Valparaíso,5403,Papudo,7561,2715,8022,3766,3795,1334,1331,1568,2004,1324,2.7849,2.9547,,2757,5265,0,0.9425,50.1918,49.8082,17.5109,17.6432,PAPUDO
5,Valparaíso,5404,Petorca,10206,3820,5037,5030,5176,1656,1845,2069,2790,1846,2.6717,1.3186,,4018,1019,0,2.0262,50.7153,49.2847,18.0874,16.2257,PETORCA
5,Valparaíso,5405,Zapallar,7980,2815,8100,3902,4078,1501,1246,1744,2016,1473,2.8348,2.8774,,2939,5161,0,0.9852,51.1028,48.8972,18.4586,18.8095,ZAPALLAR
5,Valparaíso,5501,Quillota,96753,33899,37358,46621,50132,17090,19730,21602,22938,15393,2.8542,1.102,,34987,2371,0,2.5899,51.8144,48.1856,15.9096,17.6635,QUILLOTA
5,Valparaíso,5502,Calera,50631,17536,19744,24513,26118,9069,10624,10537,12275,8126,2.8873,1.1259,,18472,1272,0,2.5644,51.585,48.415,16.0495,17.912,CALERA
5,Valparaíso,5503,Hijuelas,19286,6682,7376,9518,9768,3588,3936,4080,4932,2750,2.8863,1.1039,,6782,594,0,2.6147,50.6481,49.3519,14.259,18.6042,HIJUELAS
5,Valparaíso,5504,La Cruz,24939,8582,9860,11993,12946,5036,4710,6343,5794,3056,2.906,1.1489,,8931,929,0,2.5293,51.9107,48.0893,12.2539,20.1933,LA CRUZ
5,Valparaíso,5506,Nogales,22136,7534,8403,10849,11287,3843,4576,4124,5852,3741,2.9381,1.1153,,7878,525,0,2.6343,50.9893,49.0107,16.9001,17.3609,NOGALES
5,Valparaíso,5601,San Antonio,96770,34941,41029,46972,49798,17827,19446,21095,23819,14583,2.7695,1.1742,,36374,4655,0,2.3586,51.4602,48.5398,15.0698,18.422,SAN ANTONIO
5,Valparaíso,5602,Algarrobo,16076,6448,21335,7673,8403,2416,2249,3084,4315,4012,2.4932,3.3088,,7044,14291,0,0.7535,52.2705,47.7295,24.9565,15.0286,ALGARROBO
5,Valparaíso,5603,Cartagena,24599,9318,18256,12043,12556,4318,4334,4727,6162,5058,2.6399,1.9592,,9629,8627,0,1.3474,51.0427,48.9573,20.5618,17.5536,CARTAGENA
5,Valparaíso,5604,El Quisco,18971,7727,18725,9088,9883,2925,2868,3647,4766,4765,2.4552,2.4233,,8453,10272,0,1.0131,52.0953,47.9047,25.1173,15.4183,EL QUISCO
5,Valparaíso,5605,El Tabo,16260,6787,25148,7915,8345,2406,2237,3007,4327,4283,2.3958,3.7053,,7580,17568,0,0.6466,51.3223,48.6777,26.3407,14.797,EL TABO
5,Valparaíso,5606,Santo Domingo,13171,4663,8895,6437,6734,2382,2007,2802,3506,2474,2.8246,1.9076,,5086,3809,0,1.4807,51.1275,48.8725,18.7837,18.0852,SANTO DOMINGO
5,Valparaíso,5701,San Felipe,80413,29681,31757,38921,41492,14984,16801,18481,18939,11208,2.7092,1.0699,,29873,1884,0,2.5321,51.5986,48.4014,13.938,18.6338,SAN FELIPE
5,Valparaíso,5702,Catemu,13760,4928,5608,6728,7032,2445,2598,2808,3617,2292,2.7922,1.138,,5061,547,0,2.4536,51.1047,48.8953,16.657,17.7689,CATEMU
5,Valparaíso,5703,Llaillay,25484,8937,10458,12538,12946,4982,4812,5448,6370,3872,2.8515,1.1702,,9344,1114,0,2.4368,50.8005,49.1995,15.1938,19.5495,LLAILLAY
5,Valparaíso,5704,Panquehue,7269,2442,2863,3582,3687,1313,1436,1497,1922,1101,2.9767,1.1724,,2536,327,0,2.5389,50.7222,49.2778,15.1465,18.063,PANQUEHUE
5,Valparaíso,5705,Putaendo,17336,6049,6746,8531,8805,3052,3258,3457,4517,3052,2.8659,1.1152,,6121,625,0,2.5698,50.7903,49.2097,17.605,17.605,PUTAENDO
5,Valparaíso,5706,Santa Maria,15134,5362,6090,7325,7809,2713,2977,3069,3909,2466,2.8225,1.1358,,5475,615,0,2.4851,51.599,48.401,16.2944,17.9265,SANTA MARIA
5,Valparaíso,5801,Quilpue,162559,59724,66244,77149,85410,25457,32846,34262,41279,28715,2.7218,1.1092,,62234,4010,0,2.4539,52.5409,47.4591,17.6644,15.6602,QUILPUE
5,Valparaíso,5802,Limache,56145,19916,24799,27348,28797,10301,10970,12223,13806,8845,2.8191,1.2452,,20809,3990,0,2.264,51.2904,48.7096,15.7539,18.3471,LIMACHE
5,Valparaíso,5803,Olmue,19778,7450,10530,9668,10110,3338,3604,3967,5031,3838,2.6548,1.4134,,7884,2646,0,1.8783,51.1174,48.8826,19.4054,16.8773,OLMUE
5,Valparaíso,5804,Villa Alemana,139571,50084,55321,65629,73942,24469,28376,31299,33676,21751,2.7867,1.1046,,51516,3805,0,2.5229,52.9781,47.0219,15.5842,17.5316,VILLA ALEMANA
6,Libertador General Bernardo O'Higgins,6101,Rancagua,257744,92917,100895,125172,132572,45782,54852,59546,61701,35863,2.7739,1.0859,,93905,6990,0,2.5546,51.4355,48.5645,13.9142,17.7626,RANCAGUA
6,Libertador General Bernardo O'Higgins,6102,Codegua,13955,4660,5182,6885,7070,2515,2768,2885,3773,2014,2.9946,1.112,,4773,409,0,2.693,50.6628,49.3372,14.4321,18.0222,CODEGUA
6,Libertador General Bernardo O'Higgins,6103,Coinco,7916,2796,3386,3906,4010,1333,1490,1559,2087,1447,2.8312,1.211,,2914,472,0,2.3379,50.6569,49.3431,18.2794,16.8393,COINCO
6,Libertador General Bernardo O'Higgins,6104,Coltauco,21373,7553,8586,10653,10720,3867,4150,4423,5487,3446,2.8297,1.1368,,7672,914,0,2.4893,50.1567,49.8433,16.1231,18.0929,COLTAUCO
6,Libertador General Bernardo O'Higgins,6105,Donihue,21925,7708,8384,10706,11219,4064,4337,4734,5469,3321,2.8444,1.0877,,7838,546,0,2.6151,51.1699,48.8301,15.1471,18.5359,DONIHUE
6,Libertador General Bernardo O'Higgins,6106,Graneros,35938,12187,13041,17613,18325,7131,7944,7934,8553,4376,2.9489,1.0701,,12273,768,0,2.7558,50.9906,49.0094,12.1765,19.8425,GRANEROS
6,Libertador General Bernardo O'Higgins,6107,Las Cabras,27554,9846,14775,13900,13654,4932,5044,5779,7332,4467,2.7985,1.5006,,10050,4725,0,1.8649,49.5536,50.4464,16.2118,17.8994,LAS CABRAS
6,Libertador General Bernardo O'Higgins,6108,Machali,60875,20491,22688,29507,31368,12811,11151,14873,15325,6715,2.9708,1.1072,,20993,1695,0,2.6831,51.5285,48.4715,11.0308,21.0448,MACHALI
6,Libertador General Bernardo O'Higgins,6109,Malloa,13882,4937,5741,6950,6932,2348,2486,2823,3797,2428,2.8118,1.1629,,4975,766,0,2.418,49.9352,50.0648,17.4903,16.914,MALLOA
6,Libertador General Bernardo O'Higgins,6110,Mostazal,27394,9140,10162,13521,13873,5128,5688,5563,7055,3960,2.9972,1.1118,,9297,865,0,2.6957,50.6425,49.3575,14.4557,18.7194,MOSTAZAL
6,Libertador General Bernardo O'Higgins,6111,Olivar,13901,4713,5250,6870,7031,2478,2775,2875,3692,2081,2.9495,1.1139,,4874,376,0,2.6478,50.5791,49.4209,14.9701,17.8261,OLIVAR
6,Libertador General Bernardo O'Higgins,6112,Peumo,14243,4867,5305,7115,7128,2433,2600,2953,3897,2360,2.9264,1.09,,4932,373,0,2.6848,50.0456,49.9544,16.5695,17.0821,PEUMO
6,Libertador General Bernardo O'Higgins,6113,Pichidegua,20363,7253,7994,10152,10211,3458,3595,3953,5643,3714,2.8075,1.1022,,7301,693,0,2.5473,50.1449,49.8551,18.239,16.9818,PICHIDEGUA
6,Libertador General Bernardo O'Higgins,6114,Quinta De Tilcoco,13558,4856,5254,6648,6910,2283,2432,2934,3702,2207,2.792,1.082,,4807,447,0,2.5805,50.9662,49.0338,16.2782,16.8388,QUINTA DE TILCOCO
6,Libertador General Bernardo O'Higgins,6115,Rengo,63620,22445,25231,30925,32695,12203,12784,14456,15381,8796,2.8345,1.1241,,23556,1675,0,2.5215,51.3911,48.6089,13.8258,19.1811,RENGO
6,Libertador General Bernardo O'Higgins,6116,Requinoa,29508,9858,10515,14588,14920,5620,5871,6284,7855,3878,2.9933,1.0666,,9932,583,0,2.8063,50.5626,49.4374,13.1422,19.0457,REQUINOA
6,Libertador General Bernardo O'Higgins,6117,San Vicente,49559,17860,19297,24340,25219,8485,8889,10258,13395,8532,2.7749,1.0805,,17770,1527,0,2.5682,50.8868,49.1132,17.2158,17.121,SAN VICENTE
6,Libertador General Bernardo O'Higgins,6201,Pichilemu,19847,7752,15015,9744,10103,3565,3132,4737,5149,3264,2.5602,1.9369,,8228,6787,0,1.3218,50.9044,49.0956,16.4458,17.9624,PICHILEMU
6,Libertador General Bernardo O'Higgins,6202,La Estrella,4609,1814,3678,2343,2266,0,0,0,0,0,2.5408,2.0276,,1815,1863,0,1.2531,49.1647,50.8353,0.0,0.0,LA ESTRELLA
6,Libertador General Bernardo O'Higgins,6203,Litueche,8852,3410,5461,4443,4409,1543,1435,1798,2399,1677,2.5959,1.6015,,3596,1865,0,1.6209,49.808,50.192,18.9449,17.4311,LITUECHE
6,Libertador General Bernardo O'Higgins,6204,Marchihue,8715,3307,5071,4347,4368,1387,1425,1716,2523,1664,2.6353,1.5334,,3377,1694,0,1.7186,50.1205,49.8795,19.0935,15.9151,MARCHIHUE
6,Libertador General Bernardo O'Higgins,6205,Navidad,8885,3678,6601,4521,4364,1467,1278,1848,2330,1962,2.4157,1.7947,,3675,2926,0,1.346,49.1165,50.8835,22.0822,16.511,NAVIDAD
6,Libertador General Bernardo O'Higgins,6206,Paredones,7228,2857,5686,3667,3561,1081,1080,1290,2193,1584,2.5299,1.9902,,2968,2718,0,1.2712,49.2667,50.7333,21.9148,14.9557,PAREDONES
6,Libertador General Bernardo O'Higgins,6301,San Fernando,75585,27372,31482,36247,39338,14159,14478,16619,19153,11176,2.7614,1.1502,,28464,3018,0,2.4009,52.0447,47.9553,14.786,18.7326,SAN FERNANDO
6,Libertador General Bernardo O'Higgins,6302,Chepica,15668,5533,5963,7737,7931,2565,2777,3193,4237,2896,2.8317,1.0777,,5468,495,0,2.6275,50.6191,49.3809,18.4835,16.3709,CHEPICA
6,Libertador General Bernardo O'Higgins,6303,Chimbarongo,37258,13280,14250,18467,18791,6597,7098,7587,10305,5671,2.8056,1.073,,13374,876,0,2.6146,50.4348,49.5652,15.2209,17.7063,CHIMBARONGO
6,Libertador General Bernardo O'Higgins,6304,Lolol,7791,2898,3719,3926,3865,1243,1335,1514,2197,1502,2.6884,1.2833,,2896,823,0,2.0949,49.6085,50.3915,19.2787,15.9543,LOLOL
6,Libertador General Bernardo O'Higgins,6305,Nancagua,18723,6523,7112,9222,9501,3295,3699,3980,4894,2855,2.8703,1.0903,,6511,601,0,2.6326,50.7451,49.2549,15.2486,17.5987,NANCAGUA
6,Libertador General Bernardo O'Higgins,6306,Palmilla,13060,4455,5132,6547,6513,2159,2259,2722,3689,2231,2.9315,1.152,,4547,585,0,2.5448,49.8698,50.1302,17.0827,16.5314,PALMILLA
6,Libertador General Bernardo O'Higgins,6307,Peralillo,12493,4486,5159,6211,6282,2048,2150,2579,3563,2153,2.7849,1.15,,4481,678,0,2.4216,50.2842,49.7158,17.2337,16.3932,PERALILLO
6,Libertador General Bernardo O'Higgins,6308,Placilla,9438,3288,3759,4739,4699,1639,1786,1935,2525,1553,2.8704,1.1432,,3424,335,0,2.5108,49.7881,50.2119,16.4548,17.366,PLACILLA
6,Libertador General Bernardo O'Higgins,6309,Pumanque,4559,1777,2567,2299,2260,0,0,0,0,0,2.5656,1.4446,,1864,703,0,1.776,49.5723,50.4277,0.0,0.0,PUMANQUE
6,Libertador General Bernardo O'Higgins,6310,Santa Cruz,41209,14864,16477,20037,21172,7301,7532,9267,10670,6439,2.7724,1.1085,,15027,1450,0,2.501,51.3771,48.6229,15.6252,17.717,SANTA CRUZ
7,Maule,7101,Talca,232131,85310,95719,110996,121135,40405,51670,50575,55438,34043,2.721,1.122,,85545,10174,0,2.4251,52.1839,47.8161,14.6654,17.4061,TALCA
7,Maule,7102,Constitucion,47004,17599,23445,23154,23850,8982,9012,10227,12200,6583,2.6708,1.3322,,18392,5053,0,2.0049,50.7404,49.2596,14.0052,19.109,CONSTITUCION
7,Maule,7103,Curepto,9519,3791,5199,4876,4643,1240,1545,1609,2844,2281,2.5109,1.3714,,3812,1387,0,1.8309,48.7761,51.2239,23.9626,13.0266,CUREPTO
7,Maule,7104,Empedrado,3990,1464,1892,2046,1944,0,0,0,0,0,2.7254,1.2923,,1484,408,0,2.1089,48.7218,51.2782,0.0,0.0,EMPEDRADO
7,Maule,7105,Maule,61081,20409,23298,29505,31576,13674,13019,15421,13855,5112,2.9928,1.1416,,21218,2080,0,2.6217,51.6953,48.3047,8.3692,22.3867,MAULE
7,Maule,7106,Pelarco,9229,3247,4073,4592,4637,1649,1634,1810,2532,1604,2.8423,1.2544,,3402,671,0,2.2659,50.2438,49.7562,17.38,17.8676,PELARCO
7,Maule,7107,Pencahue,9181,3423,4682,4641,4540,1446,1742,1738,2646,1609,2.6822,1.3678,,3549,1133,0,1.9609,49.45,50.55,17.5253,15.7499,PENCAHUE
7,Maule,7108,Rio Claro,14276,5132,6279,7195,7081,2438,2538,2712,4113,2475,2.7818,1.2235,,5425,854,0,2.2736,49.6007,50.3993,17.3368,17.0776,RIO CLARO
7,Maule,7109,San Clemente,47380,16662,22312,23424,23956,8878,9381,9470,12395,7256,2.8436,1.3391,,17046,5266,0,2.1235,50.5614,49.4386,15.3145,18.7379,SAN CLEMENTE
7,Maule,7110,San Rafael,11230,3925,4788,5552,5678,2129,2270,2169,2914,1748,2.8611,1.2199,,4000,788,0,2.3454,50.561,49.439,15.5654,18.9581,SAN RAFAEL
7,Maule,7201,Cauquenes,42798,16229,20267,20295,22503,7540,7615,8425,11209,8009,2.6371,1.2488,,17070,3197,0,2.1117,52.5796,47.4204,18.7135,17.6176,CAUQUENES
7,Maule,7202,Chanco,9446,3486,4442,4698,4748,1569,1595,1846,2689,1747,2.7097,1.2742,,3490,952,0,2.1265,50.2647,49.7353,18.4946,16.6102,CHANCO
7,Maule,7203,Pelluhue,8578,3488,7743,4158,4420,1497,1343,1814,2207,1717,2.4593,2.2199,,3900,3843,0,1.1078,51.5272,48.4728,20.0163,17.4516,PELLUHUE
7,Maule,7301,Curico,159968,57624,62496,77105,82863,29580,31428,36719,40346,21895,2.7761,1.0845,,57375,5121,0,2.5597,51.7997,48.2003,13.6871,18.4912,CURICO
7,Maule,7302,Hualane,10775,4069,5199,5392,5383,1703,1816,2018,3081,2157,2.6481,1.2777,,4246,953,0,2.0725,49.9582,50.0418,20.0186,15.8051,HUALANE
7,Maule,7303,Licanten,6892,2668,4500,3372,3520,1095,1170,1362,1975,1290,2.5832,1.6867,,2670,1830,0,1.5316,51.0737,48.9263,18.7174,15.888,LICANTEN
7,Maule,7304,Molina,48949,17351,19017,23906,25043,8813,9764,10275,12510,7587,2.8211,1.096,,17539,1478,0,2.574,51.1614,48.8386,15.4998,18.0045,MOLINA
7,Maule,7305,Rauco,11266,4073,4784,5613,5653,1904,2144,2189,3143,1886,2.766,1.1746,,4164,620,0,2.3549,50.1775,49.8225,16.7406,16.9004,RAUCO
7,Maule,7306,Romeral,17233,6128,7245,8448,8785,3167,3269,3776,4616,2405,2.8122,1.1823,,6298,947,0,2.3786,50.9778,49.0222,13.9558,18.3775,ROMERAL
7,Maule,7307,Sagrada Familia,19427,6735,7533,9751,9676,3258,3642,4048,5370,3109,2.8845,1.1185,,6974,559,0,2.5789,49.807,50.193,16.0035,16.7705,SAGRADA FAMILIA
7,Maule,7308,Teno,30113,10737,12501,14982,15131,5152,5752,6068,8326,4815,2.8046,1.1643,,10962,1539,0,2.4088,50.2474,49.7526,15.9898,17.1089,TENO
7,Maule,7309,Vichuquen,4716,1894,4422,2426,2290,0,0,0,0,0,2.49,2.3347,,1957,2465,0,1.0665,48.5581,51.4419,0.0,0.0,VICHUQUEN
7,Maule,7401,Linares,96744,35302,41546,46158,50586,17721,18082,20891,24848,15202,2.7405,1.1769,,36485,5061,0,2.3286,52.2885,47.7115,15.7136,18.3174,LINARES
7,Maule,7402,Colbun,22637,8224,10583,11087,11550,4149,4321,4550,5847,3770,2.7526,1.2868,,8720,1863,0,2.139,51.0227,48.9773,16.6542,18.3284,COLBUN
7,Maule,7403,Longavi,33299,12001,14137,16598,16701,5836,5940,6653,9389,5481,2.7747,1.178,,12270,1867,0,2.3555,50.1547,49.8453,16.46,17.5261,LONGAVI
7,Maule,7404,Parral,45323,17047,20794,21848,23475,8250,8084,9294,11947,7748,2.6587,1.2198,,17579,3215,0,2.1796,51.7949,48.2051,17.0951,18.2027,PARRAL
7,Maule,7405,Retiro,22310,8220,10150,11082,11228,3894,3917,4204,6474,3821,2.7141,1.2348,,8507,1643,0,2.198,50.3272,49.6728,17.1268,17.4541,RETIRO
7,Maule,7406,San Javier,49559,18078,22246,23732,25827,9469,9896,10200,12397,7597,2.7414,1.2306,,18891,3355,0,2.2278,52.1136,47.8864,15.3292,19.1065,SAN JAVIER
7,Maule,7407,Villa Alegre,17919,6674,8164,8616,9303,3237,3302,3449,4725,3206,2.6849,1.2233,,7040,1124,0,2.1949,51.917,48.083,17.8916,18.0646,VILLA ALEGRE
7,Maule,7408,Yerbas Buenas,20035,7105,8096,10007,10028,3654,3816,3974,5459,3132,2.8198,1.1395,,7333,763,0,2.4747,50.0524,49.9476,15.6326,18.2381,YERBAS BUENAS
8,Biobío,8101,Concepcion,230375,92197,101617,110985,119390,31862,57866,53592,52982,34073,2.4987,1.1022,,90583,11034,0,2.2671,51.8242,48.1758,14.7902,13.8305,CONCEPCION
8,Biobío,8102,Coronel,123648,41939,45781,59274,64374,24741,25616,26845,30758,15688,2.9483,1.0916,,42054,3727,0,2.7009,52.0623,47.9377,12.6876,20.0092,CORONEL
8,Biobío,8103,Chiguayante,85822,29395,30674,40464,45358,14251,17854,17729,22821,13167,2.9196,1.0435,,29522,1152,0,2.7979,52.8513,47.1487,15.3422,16.6053,CHIGUAYANTE
8,Biobío,8104,Florida,12958,4956,6748,6455,6503,2052,2127,2597,3689,2493,2.6146,1.3616,,4952,1796,0,1.9203,50.1852,49.8148,19.2391,15.8358,FLORIDA
8,Biobío,8105,Hualqui,25795,8824,10881,12388,13407,4889,5283,5435,6558,3630,2.9233,1.2331,,9167,1714,0,2.3706,51.9752,48.0248,14.0725,18.9533,HUALQUI
8,Biobío,8106,Lota,39980,13835,15994,19342,20638,6612,8124,6942,11409,6893,2.8898,1.1561,,13844,2150,0,2.4997,51.6208,48.3792,17.2411,16.5383,LOTA
8,Biobío,8107,Penco,48971,16858,17587,23370,25601,8525,9996,10291,12603,7556,2.9049,1.0432,,16920,667,0,2.7845,52.2779,47.7221,15.4295,17.4083,PENCO
8,Biobío,8108,San Pedro De La Paz,150992,52351,56920,72262,78730,30344,32217,35905,36132,16394,2.8842,1.0873,,54702,2218,0,2.6527,52.1418,47.8582,10.8575,20.0964,SAN PEDRO DE LA PAZ
8,Biobío,8109,Santa Juana,14947,5603,7532,7203,7744,2703,2865,2879,4006,2494,2.6677,1.3443,,5684,1848,0,1.9845,51.8097,48.1903,16.6856,18.0839,SANTA JUANA
8,Biobío,8110,Talcahuano,147322,51086,53938,70548,76774,24209,30699,31213,37296,23905,2.8838,1.0558,,50765,3173,0,2.7313,52.1131,47.8869,16.2264,16.4327,TALCAHUANO
8,Biobío,8111,Tome,56907,20751,25130,26964,29943,9257,10769,11507,15300,10074,2.7424,1.211,,20944,4186,0,2.2645,52.6174,47.3826,17.7026,16.2669,TOME
8,Biobío,8112,Hualpen,87731,30684,32364,41521,46210,13910,18249,18189,23400,13983,2.8592,1.0548,,31003,1361,0,2.7108,52.6724,47.3276,15.9385,15.8553,HUALPEN
8,Biobío,8201,Lebu,25246,8825,10277,12333,12913,4739,5014,5384,6494,3615,2.8607,1.1645,,8802,1475,0,2.4566,51.1487,48.8513,14.3191,18.7713,LEBU
8,Biobío,8202,Arauco,37163,13212,15190,18128,19035,6837,7332,7902,9751,5341,2.8128,1.1497,,13191,1999,0,2.4465,51.2203,48.7797,14.3718,18.3973,ARAUCO
8,Biobío,8203,Canete,34640,12568,14535,16602,18038,6801,6513,7321,8831,5174,2.7562,1.1565,,12560,1975,0,2.3832,52.0727,47.9273,14.9365,19.6334,CANETE
8,Biobío,8204,Contulmo,5905,2290,2992,2925,2980,0,0,0,0,0,2.5786,1.3066,,2312,680,0,1.9736,50.4657,49.5343,0.0,0.0,CONTULMO
8,Biobío,8205,Curanilahue,31119,11133,13235,15127,15992,5865,6071,6279,8216,4688,2.7952,1.1888,,11353,1882,0,2.3513,51.3898,48.6102,15.0648,18.847,CURANILAHUE
8,Biobío,8206,Los Alamos,21950,7997,9317,10581,11369,4422,4317,4641,5629,2941,2.7448,1.1651,,8177,1140,0,2.3559,51.795,48.205,13.3986,20.1458,LOS ALAMOS
8,Biobío,8207,Tirua,10208,3609,4896,5023,5185,2133,2232,2185,2415,1243,2.8285,1.3566,,3617,1279,0,2.085,50.7935,49.2065,12.1767,20.8954,TIRUA
8,Biobío,8301,Los Angeles,219441,78739,93310,105436,114005,41913,44340,48283,55439,29466,2.7869,1.1851,,80465,12845,0,2.3517,51.9525,48.0475,13.4278,19.0999,LOS ANGELES
8,Biobío,8302,Antuco,4373,1723,2672,2125,2248,0,0,0,0,0,2.538,1.5508,,1735,937,0,1.6366,51.4064,48.5936,0.0,0.0,ANTUCO
8,Biobío,8303,Cabrero,31256,11393,13272,15264,15992,5527,6130,6410,8563,4626,2.7434,1.1649,,11408,1864,0,2.355,51.1646,48.8354,14.8004,17.683,CABRERO
8,Biobío,8304,Laja,23706,8565,10091,11451,12255,4240,4709,4529,6282,3946,2.7678,1.1782,,8569,1522,0,2.3492,51.6958,48.3042,16.6456,17.8858,LAJA
8,Biobío,8305,Mulchen,29036,10169,11593,14093,14943,5251,5841,5798,7419,4727,2.8553,1.14,,10087,1506,0,2.5046,51.4637,48.5363,16.2798,18.0844,MULCHEN
8,Biobío,8306,Nacimiento,26140,9234,11089,12790,13350,4867,5181,5168,6915,4009,2.8308,1.2009,,9334,1755,0,2.3573,51.0712,48.9288,15.3366,18.619,NACIMIENTO
8,Biobío,8307,Negrete,10723,3762,4421,5273,5450,1969,2040,2194,2872,1648,2.8503,1.1752,,3807,614,0,2.4255,50.8253,49.1747,15.3688,18.3624,NEGRETE
8,Biobío,8308,Quilaco,4440,1731,2452,2210,2230,0,0,0,0,0,2.565,1.4165,,1743,709,0,1.8108,50.2252,49.7748,0.0,0.0,QUILACO
8,Biobío,8309,Quilleco,9700,3584,4502,4826,4874,1573,1718,1721,2705,1983,2.7065,1.2561,,3649,853,0,2.1546,50.2474,49.7526,20.4433,16.2165,QUILLECO
8,Biobío,8310,San Rosendo,3575,1323,1867,1753,1822,0,0,0,0,0,2.7022,1.4112,,1313,554,0,1.9148,50.965,49.035,0.0,0.0,SAN ROSENDO
8,Biobío,8311,Santa Barbara,14075,5218,6395,6847,7228,2474,2824,2816,3562,2399,2.6974,1.2256,,5379,1016,0,2.2009,51.3535,48.6465,17.0444,17.5773,SANTA BARBARA
8,Biobío,8312,Tucapel,15729,6182,7795,7568,8161,2664,2926,3132,4066,2941,2.5443,1.2609,,6406,1389,0,2.0178,51.8851,48.1149,18.6979,16.9369,TUCAPEL
8,Biobío,8313,Yumbel,23170,8894,14112,11359,11811,3706,3884,4421,6560,4599,2.6051,1.5867,,9056,5056,0,1.6419,50.9754,49.0246,19.8489,15.9948,YUMBEL
8,Biobío,8314,Alto Biobio,6016,2030,2776,3005,3011,1422,1414,1368,1261,551,2.9635,1.3675,,2084,692,0,2.1671,50.0499,49.9501,9.1589,23.637,ALTO BIOBIO
9,La Araucanía,9101,Temuco,292518,110729,129228,138163,154355,50846,66782,66883,69165,38842,2.6417,1.1671,,112823,16405,0,2.2636,52.7677,47.2323,13.2785,17.3822,TEMUCO
9,La Araucanía,9102,Carahue,24957,9095,11658,12208,12749,4573,4769,4825,6339,4451,2.744,1.2818,,9473,2185,0,2.1408,51.0839,48.9161,17.8347,18.3235,CARAHUE
9,La Araucanía,9103,Cunco,19177,7332,10541,9368,9809,3260,3438,3500,5129,3850,2.6155,1.4377,,7929,2612,0,1.8193,51.1498,48.8502,20.0761,16.9995,CUNCO
9,La Araucanía,9104,Curarrehue,7733,2907,4432,3901,3832,1543,1453,1643,1968,1126,2.6601,1.5246,,3313,1119,0,1.7448,49.5539,50.4461,14.561,19.9534,CURARREHUE
9,La Araucanía,9105,Freire,26164,9724,12597,13029,13135,4377,5035,4869,7303,4580,2.6907,1.2955,,10379,2218,0,2.077,50.2026,49.7974,17.505,16.7291,FREIRE
9,La Araucanía,9106,Galvarino,12710,4516,5476,6360,6350,2452,2492,2417,3295,2054,2.8144,1.2126,,4773,703,0,2.321,49.9607,50.0393,16.1605,19.2919,GALVARINO
9,La Araucanía,9107,Gorbea,14148,5587,6702,6778,7370,2276,2541,2608,3812,2911,2.5323,1.1996,,5784,918,0,2.111,52.0922,47.9078,20.5753,16.0871,GORBEA
9,La Araucanía,9108,Lautaro,41936,14825,18221,20197,21739,8231,8840,8727,10389,5749,2.8287,1.2291,,16168,2053,0,2.3015,51.8385,48.1615,13.709,19.6275,LAUTARO
9,La Araucanía,9109,Loncoche,25158,9576,12378,12201,12957,4416,4626,4883,6682,4551,2.6272,1.2926,,10293,2085,0,2.0325,51.5025,48.4975,18.0897,17.5531,LONCOCHE
9,La Araucanía,9110,Melipeuco,6796,2632,3614,3342,3454,1208,1210,1348,1756,1274,2.5821,1.3731,,2786,828,0,1.8805,50.824,49.176,18.7463,17.7752,MELIPEUCO
9,La Araucanía,9111,Nueva Imperial,33988,12117,14842,16546,17442,6232,6793,6495,8681,5787,2.805,1.2249,,12741,2101,0,2.29,51.3181,48.6819,17.0266,18.3359,NUEVA IMPERIAL
9,La Araucanía,9112,Padre Las Casas,80656,27719,32157,38960,41696,15982,17697,16980,19996,10001,2.9098,1.1601,,28908,3249,0,2.5082,51.6961,48.3039,12.3996,19.815,PADRE LAS CASAS
9,La Araucanía,9113,Perquenco,7438,2742,3345,3631,3807,1383,1409,1407,2048,1191,2.7126,1.2199,,2853,492,0,2.2236,51.1831,48.8169,16.0124,18.5937,PERQUENCO
9,La Araucanía,9114,Pitrufquen,27041,10272,13114,12988,14053,4797,5169,5435,7071,4569,2.6325,1.2767,,11130,1984,0,2.062,51.9692,48.0308,16.8966,17.7397,PITRUFQUEN
9,La Araucanía,9115,Pucon,32321,12565,28773,15767,16554,6183,6064,7695,8025,4354,2.5723,2.2899,,13477,15296,0,1.1233,51.2175,48.7825,13.4711,19.13,PUCON
9,La Araucanía,9116,Saavedra,12877,4930,6757,6275,6602,2352,2234,2423,3387,2481,2.612,1.3706,,5128,1629,0,1.9057,51.2697,48.7303,19.2669,18.2651,SAAVEDRA
9,La Araucanía,9117,Teodoro Schmidt,15639,6051,8008,7758,7881,2788,2522,2943,4265,3121,2.5845,1.3234,,6333,1675,0,1.9529,50.3932,49.6068,19.9565,17.8272,TEODORO SCHMIDT
9,La Araucanía,9118,Tolten,10041,3860,4954,4941,5100,1709,1844,1805,2813,1870,2.6013,1.2834,,3911,1043,0,2.0268,50.7918,49.2082,18.6236,17.0202,TOLTEN
9,La Araucanía,9119,Vilcun,31575,11237,13928,15386,16189,6119,6478,6538,8116,4324,2.8099,1.2395,,11781,2147,0,2.267,51.2716,48.7284,13.6944,19.3793,VILCUN
9,La Araucanía,9120,Villarrica,67737,25214,43272,32807,34930,13190,12391,15185,17124,9847,2.6865,1.7162,,28128,15144,0,1.5654,51.5671,48.4329,14.5371,19.4724,VILLARRICA
9,La Araucanía,9121,Cholchol,13167,4553,5272,6578,6589,2683,2621,2605,3209,2049,2.8919,1.1579,,4670,602,0,2.4975,50.0418,49.9582,15.5616,20.3767,CHOLCHOL
9,La Araucanía,9201,Angol,53022,19276,22141,25143,27879,9807,10348,11446,13198,8223,2.7507,1.1486,,20462,1679,0,2.3947,52.5801,47.4199,15.5087,18.4961,ANGOL
9,La Araucanía,9202,Collipulli,24303,8814,10504,11731,12572,4566,4852,4941,6205,3739,2.7573,1.1917,,9388,1116,0,2.3137,51.7302,48.2698,15.3849,18.7878,COLLIPULLI
9,La Araucanía,9203,Curacautin,18536,7109,9923,8944,9592,3185,3228,3662,4945,3516,2.6074,1.3958,,7527,2396,0,1.868,51.7479,48.2521,18.9685,17.1828,CURACAUTIN
9,La Araucanía,9204,Ercilla,7730,2789,3784,3750,3980,1571,1561,1485,1888,1225,2.7716,1.3568,,3183,601,0,2.0428,51.4877,48.5123,15.8473,20.3234,ERCILLA
9,La Araucanía,9205,Lonquimay,10247,3774,5662,5125,5122,2074,2023,1966,2597,1587,2.7152,1.5003,,3991,1671,0,1.8098,49.9854,50.0146,15.4875,20.2401,LONQUIMAY
9,La Araucanía,9206,Los Sauces,7348,2720,3373,3636,3712,1314,1300,1414,2006,1314,2.7015,1.2401,,2788,585,0,2.1785,50.5171,49.4829,17.8824,17.8824,LOS SAUCES
9,La Araucanía,9207,Lumaco,9253,3404,4217,4691,4562,1670,1748,1752,2500,1583,2.7183,1.2388,,3565,652,0,2.1942,49.3029,50.6971,17.108,18.0482,LUMACO
9,La Araucanía,9208,Puren,12184,4518,5301,5793,6391,2259,2196,2404,3230,2095,2.6968,1.1733,,4625,676,0,2.2984,52.454,47.546,17.1947,18.5407,PUREN
9,La Araucanía,9209,Renaico,10686,3837,4519,5150,5536,2012,1981,2202,2837,1654,2.785,1.1777,,4063,456,0,2.3647,51.8061,48.1939,15.4782,18.8284,RENAICO
9,La Araucanía,9210,Traiguen,18873,7044,8389,8971,9902,3460,3472,3486,4947,3508,2.6793,1.1909,,7510,879,0,2.2497,52.4665,47.5335,18.5874,18.3331,TRAIGUEN
9,La Araucanía,9211,Victoria,34464,12479,14463,16600,17864,6218,6499,6907,8981,5859,2.7618,1.159,,13112,1351,0,2.3829,51.8338,48.1662,17.0003,18.042,VICTORIA
